-- user
INSERT INTO user(email, pass, name, phone_num, user_reg_date, recent_login, main_foot, position, api_key, height, weight, was_pro, gender, born_date) VALUES('bioman1@gmail.com','1234','bioman1','010-1234-5678',sysdate(),sysdate(),'왼발','FW',null,180,80,1,1,'1995-06-01');
INSERT INTO user(email, pass, name, phone_num, user_reg_date, recent_login, main_foot, position, api_key, height, weight, was_pro, gender, born_date) VALUES('bioman2@gmail.com','1234','bioman1','010-1234-5678',sysdate(),sysdate(),'오른발','MF',null,174,70,1,0,'1995-06-01');
INSERT INTO user(email, pass, name, phone_num, user_reg_date, recent_login, main_foot, position, api_key, height, weight, was_pro, gender, born_date) VALUES('bioman3@gmail.com','1234','bioman1','010-1234-5678',sysdate(),sysdate(),'왼발','DF',null,179,77,0,0,'1995-06-01');
INSERT INTO user(email, pass, name, phone_num, user_reg_date, recent_login, main_foot, position, api_key, height, weight, was_pro, gender, born_date) VALUES('bioman4@gmail.com','1234','bioman1','010-1234-5678',sysdate(),sysdate(),'오른발','FW',null,175,75,0,0,'1995-06-01');
INSERT INTO user(email, pass, name, phone_num, user_reg_date, recent_login, main_foot, position, api_key, height, weight, was_pro, gender, born_date) VALUES('bioman5@gmail.com','1234','bioman1','010-1234-5678',sysdate(),sysdate(),'왼발','MF',null,185,73,0,1,'1995-06-01');
INSERT INTO user(email, pass, name, phone_num, user_reg_date, recent_login, main_foot, position, api_key, height, weight, was_pro, gender, born_date) VALUES('bioman6@gmail.com','1234','bioman1','010-1234-5678',sysdate(),sysdate(),'오른발','DF',null,184,80,0,0,'1995-06-01');
INSERT INTO user(email, pass, name, phone_num, user_reg_date, recent_login, main_foot, position, api_key, height, weight, was_pro, gender, born_date) VALUES('bioman7@gmail.com','1234','bioman1','010-1234-5678',sysdate(),sysdate(),'왼발','FW',null,183,79,0,1,'1995-06-01');
INSERT INTO user(email, pass, name, phone_num, user_reg_date, recent_login, main_foot, position, api_key, height, weight, was_pro, gender, born_date) VALUES('bioman8@gmail.com','1234','bioman1','010-1234-5678',sysdate(),sysdate(),'오른발','MF',null,183,79,1,0,'1995-06-01');
INSERT INTO user(email, pass, name, phone_num, user_reg_date, recent_login, main_foot, position, api_key, height, weight, was_pro, gender, born_date) VALUES('bioman9@gmail.com','1234','bioman1','010-1234-5678',sysdate(),sysdate(),'왼발','DF',null,181,78,0,1,'1995-06-01');
INSERT INTO user(email, pass, name, phone_num, user_reg_date, recent_login, main_foot, position, api_key, height, weight, was_pro, gender, born_date) VALUES('bioman10@gmail.com','1234','bioman1','010-1234-5678',sysdate(),sysdate(),'오른발','FW',null,171,75,0,1,'1995-06-01');
INSERT INTO user(email, pass, name, phone_num, user_reg_date, recent_login, main_foot, position, api_key, height, weight, was_pro, gender, born_date) VALUES('bioman11@gmail.com','1234','bioman1','010-1234-5678',sysdate(),sysdate(),'왼발','MF',null,174,78,0,1,'1995-06-01');
INSERT INTO user(email, pass, name, phone_num, user_reg_date, recent_login, main_foot, position, api_key, height, weight, was_pro, gender, born_date) VALUES('bioman12@gmail.com','1234','bioman1','010-1234-5678',sysdate(),sysdate(),'오른발','DF',null,176,78,1,0,'1995-06-01');
INSERT INTO user(email, pass, name, phone_num, user_reg_date, recent_login, main_foot, position, api_key, height, weight, was_pro, gender, born_date) VALUES('bioman13@gmail.com','1234','bioman1','010-1234-5678',sysdate(),sysdate(),'왼발','FW',null,172,76,0,0,'1995-06-01');
INSERT INTO user(email, pass, name, phone_num, user_reg_date, recent_login, main_foot, position, api_key, height, weight, was_pro, gender, born_date) VALUES('bioman14@gmail.com','1234','bioman1','010-1234-5678',sysdate(),sysdate(),'오른발','MF',null,170,72,1,1,'1995-06-01');
INSERT INTO user(email, pass, name, phone_num, user_reg_date, recent_login, main_foot, position, api_key, height, weight, was_pro, gender, born_date) VALUES('bioman15@gmail.com','1234','bioman1','010-1234-5678',sysdate(),sysdate(),'왼발','DF',null,178,80,0,1,'1995-06-01');
INSERT INTO user(email, pass, name, phone_num, user_reg_date, recent_login, main_foot, position, api_key, height, weight, was_pro, gender, born_date) VALUES('bioman16@gmail.com','1234','bioman1','010-1234-5678',sysdate(),sysdate(),'오른발','FW',null,171,79,1,0,'1995-06-01');
INSERT INTO user(email, pass, name, phone_num, user_reg_date, recent_login, main_foot, position, api_key, height, weight, was_pro, gender, born_date) VALUES('bioman17@gmail.com','1234','bioman1','010-1234-5678',sysdate(),sysdate(),'왼발','MF',null,177,78,1,1,'1995-06-01');

-- team
INSERT INTO team(team_name, emblem, area, stadium_info, uniform_color, uniform_type, founding_date, team_reg_date, account, bank) VALUES('왕십리FC','왕십리FC201018.jpg','성동구','성동구 구장','red',5,'2016-01-01',sysdate(),'1234','기업');
INSERT INTO team(team_name, emblem, area, stadium_info, uniform_color, uniform_type, founding_date, team_reg_date, account, bank) VALUES('답십리FC','답십리FC201018.jpg','성동구','응봉동 구장','blue',5,'2017-01-01',sysdate(),'5678','하나');
INSERT INTO team(team_name, emblem, area, stadium_info, uniform_color, uniform_type, founding_date, team_reg_date, account, bank) VALUES('대구FC','대구FC201018.jpg','달서구','달서구 구장','green',0,'2018-01-01',sysdate(),'2345','기업');

-- team_member
INSERT INTO team_member(member_reg_date, member_level, reg_status, team_id, email, nick_name)VALUES(sysdate(),4,1,1,'bioman1@gmail.com','nick1');
INSERT INTO team_member(member_reg_date, member_level, reg_status, team_id, email, nick_name)VALUES(sysdate(),3,1,1,'bioman2@gmail.com','nick2');
INSERT INTO team_member(member_reg_date, member_level, reg_status, team_id, email, nick_name)VALUES(sysdate(),2,1,1,'bioman3@gmail.com','nick3');
INSERT INTO team_member(member_reg_date, member_level, reg_status, team_id, email, nick_name)VALUES(sysdate(),1,1,1,'bioman4@gmail.com','nick4');
INSERT INTO team_member(member_reg_date, member_level, reg_status, team_id, email, nick_name)VALUES(sysdate(),0,1,1,'bioman5@gmail.com','nick5');
INSERT INTO team_member(member_reg_date, member_level, reg_status, team_id, email, nick_name)VALUES(sysdate(),4,1,2,'bioman6@gmail.com','nick1');
INSERT INTO team_member(member_reg_date, member_level, reg_status, team_id, email, nick_name)VALUES(sysdate(),3,1,2,'bioman7@gmail.com','nick2');
INSERT INTO team_member(member_reg_date, member_level, reg_status, team_id, email, nick_name)VALUES(sysdate(),2,1,2,'bioman8@gmail.com','nick3');
INSERT INTO team_member(member_reg_date, member_level, reg_status, team_id, email, nick_name)VALUES(sysdate(),1,1,2,'bioman9@gmail.com','nick4');
INSERT INTO team_member(member_reg_date, member_level, reg_status, team_id, email, nick_name)VALUES(sysdate(),0,1,2,'bioman10@gmail.com','nick5');
INSERT INTO team_member(member_reg_date, member_level, reg_status, team_id, email, nick_name)VALUES(sysdate(),4,1,3,'bioman11@gmail.com','nick1');
INSERT INTO team_member(member_reg_date, member_level, reg_status, team_id, email, nick_name)VALUES(sysdate(),3,1,3,'bioman12@gmail.com','nick2');
INSERT INTO team_member(member_reg_date, member_level, reg_status, team_id, email, nick_name)VALUES(sysdate(),2,1,3,'bioman13@gmail.com','nick3');
INSERT INTO team_member(member_reg_date, member_level, reg_status, team_id, email, nick_name)VALUES(sysdate(),1,1,3,'bioman14@gmail.com','nick4');
INSERT INTO team_member(member_reg_date, member_level, reg_status, team_id, email, nick_name)VALUES(sysdate(),0,1,3,'bioman15@gmail.com','nick5');

-- match_schedule
INSERT INTO match_schedule(match_schedule_id, home_team_id, start_time, duration, cost, writer, reg_date, content, stadium_name, stadium_type, stadium_address, stadium_x, stadium_y, stadium_parking, stadium_shower, match_type)
VALUES('1', '1', '2020-10-15 09:00:00', '2', '10', '왕십리FC 구단주', '2020-10-18 14:18:06', '늦지 마시오', '방배 유수지 축구장1', '흙', '서울특별시 서초구 방배동 599 방배 유수지', '0', '0', '1', '0', '11'
);
INSERT INTO match_schedule(match_schedule_id, home_team_id, away_team_id, start_time, duration, cost, writer, reg_date, content, stadium_name, stadium_type, stadium_address, stadium_x, stadium_y, stadium_parking, stadium_shower, match_type)
VALUES('2', '1', 2,'2020-10-22 09:00:00', '2', '10', '왕십리FC 구단주', '2020-10-18 14:18:06', '늦지 마시오', '방배 유수지 축구장1', '흙', '서울특별시 서초구 방배동 599 방배 유수지', '0', '0', '1', '0', '11'
);
INSERT INTO match_schedule(match_schedule_id, home_team_id, start_time, duration, cost, writer, reg_date, content, stadium_name, stadium_type, stadium_address, stadium_x, stadium_y, stadium_parking, stadium_shower, match_type)
VALUES(3, 2, '2020-10-22 09:00:00', '2', '10', '답십리FC 구단주', '2020-10-18 14:18:06', '늦지 마시오', '응봉 유수지 축구장1', '흙', '서울특별시 서초구 응봉동 599 방배 유수지', '0', '0', '1', '0', '11'
);

-- vote_match
INSERT INTO vote_match(vote_match_id, due_date, contents, vote_status, vote_reg_date, writer, team_id, match_schedule_id)
VALUES('1-1', '2020-10-14 21:00','늦지 마시오', 0, sysdate(), '왕십리FC 구단주', 1, 1);
INSERT INTO vote_match(vote_match_id, due_date, contents, vote_status, vote_reg_date, writer, team_id, match_schedule_id)
VALUES('1-2', '2020-10-21 21:00','늦지 마시오', 0, sysdate(), '왕십리FC 구단주', 1, 2);
INSERT INTO vote_match(vote_match_id, due_date, contents, vote_status, vote_reg_date, writer, team_id, match_schedule_id)
VALUES('2-3', '2020-10-21 21:00','늦지 마시오', 0, sysdate(), '답십리FC 구단주', 2, 3);

-- vote_setting
INSERT INTO vote_match_setting(vote_match_id, type, cancel_number, is_first, waiting, friend_emp, self_min_number, self_max_number, emp_due_date, emp_min_number, away_min_number, away_due_date, assign_cost, emp_cost, search_cost)
VALUES('1-1', 0, 11, 1, 1, 1, null, null, null, null, null, null, 10, null, null);
INSERT INTO vote_match_setting(vote_match_id, type, cancel_number, is_first, waiting, friend_emp, self_min_number, self_max_number, emp_due_date, emp_min_number, away_min_number, away_due_date, assign_cost, emp_cost, search_cost)
VALUES('1-2', 0, 11, 1, 1, 1, null, null, null, null, null, null, 10, null, null);
INSERT INTO vote_match_setting(vote_match_id, type, cancel_number, is_first, waiting, friend_emp, self_min_number, self_max_number, emp_due_date, emp_min_number, away_min_number, away_due_date, assign_cost, emp_cost, search_cost)
VALUES('2-3', 0, 11, 1, 1, 1, null, null, null, null, null, null, 10, null, null);

-- vote_result
insert into vote_match_result(attendance, vote_match_id, team_member_id) values(1,'1-1',1);
insert into vote_match_result(attendance, vote_match_id, team_member_id) values(0,'1-1',2);
insert into vote_match_result(attendance, email, vote_match_id) values(1,'bioman17@gmail.com','1-1');
insert into vote_match_result(attendance, email, vote_match_id) values(1,'bioman16@gmail.com','1-1');
insert into vote_match_result(attendance, vote_match_id, team_member_id) values(1,'2-3',6);


-- invite
insert into invite(team_member_id, email, vote_match_id) values(1, 'bioman16@gmail.com', '1-1');
insert into invite(team_member_id, email, vote_match_id) values(1, 'bioman17@gmail.com', '1-1');





